<?xml version="1.0" encoding="UTF-8"?>
<GenRun Id="blk_mem_gen_3_synth_1" LaunchPart="xc7vx485tffg1157-1" LaunchTime="1609873605">
  <File Type="REPORTS-TCL" Name="blk_mem_gen_3_reports.tcl"/>
  <File Type="PA-TCL" Name="blk_mem_gen_3.tcl"/>
  <File Type="RDS-DCP" Name="blk_mem_gen_3.dcp"/>
  <File Type="RDS-RDS" Name="blk_mem_gen_3.vds"/>
  <File Type="RDS-UTIL" Name="blk_mem_gen_3_utilization_synth.rpt"/>
  <File Type="RDS-UTIL-PB" Name="blk_mem_gen_3_utilization_synth.pb"/>
  <FileSet Name="sources" Type="BlockSrcs" RelSrcDir="$PSRCDIR/blk_mem_gen_3">
    <File Path="$PSRCDIR/sources_1/ip/blk_mem_gen_3/blk_mem_gen_3.xci">
      <FileInfo>
        <Attr Name="ImportPath" Val="$PPRDIR/../rv32I/rv32I.srcs/sources_1/ip/blk_mem_gen_3/blk_mem_gen_3.xci"/>
        <Attr Name="ImportTime" Val="1610468034"/>
        <Attr Name="UsedIn" Val="synthesis"/>
        <Attr Name="UsedIn" Val="implementation"/>
        <Attr Name="UsedIn" Val="simulation"/>
      </FileInfo>
    </File>
    <Config>
      <Option Name="TopModule" Val="blk_mem_gen_3"/>
      <Option Name="UseBlackboxStub" Val="1"/>
    </Config>
  </FileSet>
  <FileSet Name="constrs_in" Type="BlockSrcs" RelSrcDir="$PSRCDIR/blk_mem_gen_3">
    <File Path="$PSRCDIR/sources_1/ip/blk_mem_gen_3/blk_mem_gen_3.xci">
      <FileInfo>
        <Attr Name="ImportPath" Val="$PPRDIR/../rv32I/rv32I.srcs/sources_1/ip/blk_mem_gen_3/blk_mem_gen_3.xci"/>
        <Attr Name="ImportTime" Val="1610468034"/>
        <Attr Name="UsedIn" Val="synthesis"/>
        <Attr Name="UsedIn" Val="implementation"/>
        <Attr Name="UsedIn" Val="simulation"/>
      </FileInfo>
    </File>
    <Config>
      <Option Name="TopModule" Val="blk_mem_gen_3"/>
      <Option Name="UseBlackboxStub" Val="1"/>
    </Config>
  </FileSet>
  <FileSet Name="utils" Type="Utils" RelSrcDir="$PSRCDIR/utils_1">
    <Filter Type="Utils"/>
    <Config>
      <Option Name="TopAutoSet" Val="TRUE"/>
    </Config>
  </FileSet>
  <Strategy Version="1" Minor="2">
    <StratHandle Name="Vivado Synthesis Defaults" Flow="Vivado Synthesis 2020"/>
    <Step Id="synth_design"/>
  </Strategy>
</GenRun>
