<?xml version="1.0" encoding="UTF-8"?>
<GenRun Id="synth_1" LaunchPart="xc7vx485tffg1157-1" LaunchTime="1609435581">
  <File Type="REPORTS-TCL" Name="RV32I_reports.tcl"/>
  <File Type="PA-TCL" Name="RV32I.tcl"/>
  <File Type="RDS-DCP" Name="RV32I.dcp"/>
  <File Type="RDS-RDS" Name="RV32I.vds"/>
  <FileSet Name="sources" Type="DesignSrcs" RelSrcDir="$PSRCDIR/sources_1" RelGenDir="$PGENDIR/sources_1">
    <Filter Type="Srcs"/>
    <File Path="$PSRCDIR/sources_1/imports/processor/RV32I_new/RV32I_new.srcs/sources_1/new/EXE.v">
      <FileInfo>
        <Attr Name="ImportPath" Val="$PPRDIR/../../work/processor design/5 stage processor/processor/RV32I_new/RV32I_new.srcs/sources_1/new/EXE.v"/>
        <Attr Name="ImportTime" Val="1610011095"/>
        <Attr Name="UsedIn" Val="synthesis"/>
        <Attr Name="UsedIn" Val="implementation"/>
        <Attr Name="UsedIn" Val="simulation"/>
      </FileInfo>
    </File>
    <File Path="$PSRCDIR/sources_1/imports/processor/RV32I_new/RV32I_new.srcs/sources_1/new/ID.v">
      <FileInfo>
        <Attr Name="ImportPath" Val="$PPRDIR/../../work/processor design/5 stage processor/processor/RV32I_new/RV32I_new.srcs/sources_1/new/ID.v"/>
        <Attr Name="ImportTime" Val="1610007730"/>
        <Attr Name="UsedIn" Val="synthesis"/>
        <Attr Name="UsedIn" Val="implementation"/>
        <Attr Name="UsedIn" Val="simulation"/>
      </FileInfo>
    </File>
    <File Path="$PSRCDIR/sources_1/imports/processor/RV32I_new/RV32I_new.srcs/sources_1/new/IF.v">
      <FileInfo>
        <Attr Name="ImportPath" Val="$PPRDIR/../../work/processor design/5 stage processor/processor/RV32I_new/RV32I_new.srcs/sources_1/new/IF.v"/>
        <Attr Name="ImportTime" Val="1610106596"/>
        <Attr Name="UsedIn" Val="synthesis"/>
        <Attr Name="UsedIn" Val="implementation"/>
        <Attr Name="UsedIn" Val="simulation"/>
      </FileInfo>
    </File>
    <File Path="$PSRCDIR/sources_1/imports/processor/RV32I_new/RV32I_new.srcs/sources_1/new/MEM.v">
      <FileInfo>
        <Attr Name="ImportPath" Val="$PPRDIR/../../work/processor design/5 stage processor/processor/RV32I_new/RV32I_new.srcs/sources_1/new/MEM.v"/>
        <Attr Name="ImportTime" Val="1610012751"/>
        <Attr Name="UsedIn" Val="synthesis"/>
        <Attr Name="UsedIn" Val="implementation"/>
        <Attr Name="UsedIn" Val="simulation"/>
      </FileInfo>
    </File>
    <File Path="$PSRCDIR/sources_1/imports/processor/RV32I_new/RV32I_new.srcs/sources_1/new/WB.v">
      <FileInfo>
        <Attr Name="ImportPath" Val="$PPRDIR/../../work/processor design/5 stage processor/processor/RV32I_new/RV32I_new.srcs/sources_1/new/WB.v"/>
        <Attr Name="ImportTime" Val="1610012449"/>
        <Attr Name="UsedIn" Val="synthesis"/>
        <Attr Name="UsedIn" Val="implementation"/>
        <Attr Name="UsedIn" Val="simulation"/>
      </FileInfo>
    </File>
    <File Path="$PSRCDIR/sources_1/imports/processor/RV32I_new/RV32I_new.srcs/sources_1/new/RV32I.v">
      <FileInfo>
        <Attr Name="ImportPath" Val="$PPRDIR/../../work/processor design/5 stage processor/processor/RV32I_new/RV32I_new.srcs/sources_1/new/RV32I.v"/>
        <Attr Name="ImportTime" Val="1610013031"/>
        <Attr Name="UsedIn" Val="synthesis"/>
        <Attr Name="UsedIn" Val="implementation"/>
        <Attr Name="UsedIn" Val="simulation"/>
      </FileInfo>
    </File>
    <File Path="$PSRCDIR/sources_1/bd/design_1/design_1.bd">
      <FileInfo>
        <Attr Name="AutoDisabled" Val="1"/>
        <Attr Name="ImportPath" Val="$PPRDIR/../rv32I/rv32I.srcs/sources_1/bd/design_1/design_1.bd"/>
        <Attr Name="ImportTime" Val="1610468035"/>
        <Attr Name="UsedIn" Val="synthesis"/>
        <Attr Name="UsedIn" Val="implementation"/>
        <Attr Name="UsedIn" Val="simulation"/>
      </FileInfo>
    </File>
    <File Path="$PSRCDIR/sources_1/imports/processor/init.coe">
      <FileInfo>
        <Attr Name="ImportPath" Val="$PPRDIR/../../work/processor design/5 stage processor/processor/init.coe"/>
        <Attr Name="ImportTime" Val="1609861786"/>
        <Attr Name="UsedIn" Val="synthesis"/>
        <Attr Name="UsedIn" Val="simulation"/>
      </FileInfo>
    </File>
    <Config>
      <Option Name="DesignMode" Val="RTL"/>
      <Option Name="TopModule" Val="RV32I"/>
      <Option Name="TopAutoSet" Val="TRUE"/>
    </Config>
  </FileSet>
  <FileSet Name="constrs_in" Type="Constrs" RelSrcDir="$PSRCDIR/constrs_1">
    <Filter Type="Constrs"/>
    <Config>
      <Option Name="ConstrsType" Val="XDC"/>
    </Config>
  </FileSet>
  <FileSet Name="utils" Type="Utils" RelSrcDir="$PSRCDIR/utils_1">
    <Filter Type="Utils"/>
    <Config>
      <Option Name="TopAutoSet" Val="TRUE"/>
    </Config>
  </FileSet>
  <Strategy Version="1" Minor="2">
    <StratHandle Name="Vivado Synthesis Defaults" Flow="Vivado Synthesis 2020"/>
    <Step Id="synth_design"/>
  </Strategy>
  <BlockFileSet Type="BlockSrcs" Name="blk_mem_gen_3"/>
  <BlockFileSet Type="BlockSrcs" Name="blk_mem_gen_2"/>
  <BlockFileSet Type="BlockSrcs" Name="blk_mem_gen_1"/>
  <BlockFileSet Type="BlockSrcs" Name="blk_mem_gen_0"/>
</GenRun>
